{
  "variant": "TEMFaithful",
  "ckpt": "/home/prashr/mapformer/runs/TEMFaithful_clean/seed2/TEMFaithful.pt",
  "acc_train": 1.0,
  "nll_train": 0.00019894552879150986,
  "acc_T128": 1.0,
  "nll_T128": 0.0001899983822161161,
  "acc_T512": 0.9638274638274639,
  "nll_T512": 0.19364752132906277
}
